{"stat.walkOneCm":234572,"stat.leaveGame":12,"stat.craftItem.minecraft.crafting_table":1,"achievement.completedex1":1,"stat.jump":530,"stat.swimOneCm":11621,"stat.fallOneCm":11625,"stat.sprintOneCm":46730,"achievement.exploreAllBiomes":{"value":0,"progress":["ForestHills","Forest","River","Plains","Desert","Savanna"]},"stat.craftItem.minecraft.stick":4,"achievement.openInventory":17,"stat.craftItem.minecraft.planks":24,"stat.useItem.minecraft.egg":2,"stat.mineBlock.minecraft.fence":1,"stat.damageTaken":420,"stat.mineBlock.minecraft.crafting_table":2,"stat.craftItem.minecraft.stone_pickaxe":1,"stat.useItem.minecraft.wooden_pickaxe":10,"stat.mobKills":1,"stat.mineBlock.minecraft.log":6,"stat.flyOneCm":31811,"stat.deaths":1,"stat.drop":1,"stat.mineBlock.minecraft.leaves":2,"stat.playOneMinute":35488,"stat.useItem.minecraft.stone_pickaxe":5,"stat.useItem.minecraft.cooked_beef":5,"achievement.normalloot":1,"stat.damageDealt":180,"stat.mineBlock.minecraft.iron_ore":4,"stat.timeSinceDeath":32987,"stat.useItem.minecraft.crafting_table":2,"stat.mineBlock.minecraft.dirt":2,"stat.craftItem.minecraft.wooden_pickaxe":1,"stat.killEntity.Pig":1,"stat.mineBlock.minecraft.stone":4,"stat.mineBlock.minecraft.tallgrass":1,"stat.diveOneCm":15587}