{"stat.walkOneCm":410390,"stat.leaveGame":13,"stat.craftItem.minecraft.crafting_table":1,"achievement.completedex1":1,"stat.jump":807,"stat.swimOneCm":14923,"stat.fallOneCm":15270,"stat.sprintOneCm":99169,"achievement.exploreAllBiomes":{"value":0,"progress":["ForestHills","Forest","River","Plains","Desert","Savanna"]},"stat.craftItem.minecraft.stick":4,"achievement.openInventory":17,"stat.craftItem.minecraft.planks":24,"stat.useItem.minecraft.egg":2,"stat.mineBlock.minecraft.fence":1,"stat.damageTaken":430,"stat.mineBlock.minecraft.crafting_table":2,"stat.craftItem.minecraft.stone_pickaxe":1,"stat.useItem.minecraft.wooden_pickaxe":10,"stat.mobKills":1,"stat.mineBlock.minecraft.log":6,"stat.flyOneCm":70245,"stat.deaths":1,"stat.drop":1,"stat.mineBlock.minecraft.leaves":2,"stat.playOneMinute":54532,"stat.useItem.minecraft.stone_pickaxe":5,"stat.useItem.minecraft.cooked_beef":7,"achievement.normalloot":1,"stat.damageDealt":180,"stat.mineBlock.minecraft.iron_ore":4,"stat.timeSinceDeath":52031,"stat.useItem.minecraft.crafting_table":2,"stat.mineBlock.minecraft.dirt":2,"stat.craftItem.minecraft.wooden_pickaxe":1,"stat.killEntity.Pig":1,"stat.mineBlock.minecraft.stone":4,"stat.mineBlock.minecraft.tallgrass":1,"stat.diveOneCm":15587}