{"stat.walkOneCm":127331,"stat.leaveGame":6,"stat.craftItem.minecraft.crafting_table":1,"stat.jump":245,"stat.swimOneCm":10163,"stat.fallOneCm":5729,"stat.sprintOneCm":12144,"achievement.exploreAllBiomes":{"value":0,"progress":["ForestHills","Forest","River","Plains","Desert","Savanna"]},"stat.craftItem.minecraft.stick":4,"achievement.openInventory":10,"stat.craftItem.minecraft.planks":24,"stat.useItem.minecraft.egg":2,"stat.damageTaken":340,"stat.mineBlock.minecraft.crafting_table":2,"stat.craftItem.minecraft.stone_pickaxe":1,"stat.useItem.minecraft.wooden_pickaxe":10,"stat.mobKills":1,"stat.mineBlock.minecraft.log":6,"stat.flyOneCm":4723,"stat.deaths":1,"stat.mineBlock.minecraft.leaves":2,"stat.playOneMinute":22137,"stat.useItem.minecraft.stone_pickaxe":5,"achievement.normalloot":1,"stat.damageDealt":180,"stat.mineBlock.minecraft.iron_ore":4,"stat.timeSinceDeath":19636,"stat.useItem.minecraft.crafting_table":2,"stat.mineBlock.minecraft.dirt":1,"stat.craftItem.minecraft.wooden_pickaxe":1,"stat.killEntity.Pig":1,"stat.mineBlock.minecraft.stone":4,"stat.diveOneCm":12683}