{"stat.walkOneCm":983314,"stat.leaveGame":18,"stat.craftItem.minecraft.crafting_table":1,"achievement.completedex1":3,"stat.talkedToVillager":4,"stat.mineBlock.minecraft.sandstone":1,"stat.jump":1683,"stat.swimOneCm":17267,"stat.fallOneCm":28593,"stat.sprintOneCm":337582,"achievement.exploreAllBiomes":{"value":0,"progress":["ForestHills","Beach","Forest","River","Plains","Desert","Savanna"]},"stat.craftItem.minecraft.stick":4,"achievement.openInventory":31,"stat.craftItem.minecraft.planks":24,"stat.useItem.minecraft.egg":2,"stat.mineBlock.minecraft.fence":1,"stat.damageTaken":500,"stat.mineBlock.minecraft.crafting_table":2,"stat.craftItem.minecraft.stone_pickaxe":1,"stat.useItem.minecraft.wooden_pickaxe":10,"stat.mobKills":2,"stat.mineBlock.minecraft.log":6,"stat.flyOneCm":229013,"stat.deaths":1,"stat.drop":27,"stat.mineBlock.minecraft.leaves":2,"stat.mineBlock.minecraft.sand":2,"stat.playOneMinute":125830,"stat.useItem.minecraft.stone_pickaxe":26,"stat.useItem.minecraft.cooked_beef":18,"achievement.normalloot":1,"stat.killEntity.Villager":1,"stat.damageDealt":420,"stat.mineBlock.minecraft.iron_ore":16,"stat.timeSinceDeath":123329,"stat.useItem.minecraft.crafting_table":2,"stat.mineBlock.minecraft.dirt":5,"stat.craftItem.minecraft.wooden_pickaxe":1,"stat.killEntity.Pig":1,"stat.mineBlock.minecraft.stone":5,"stat.mineBlock.minecraft.tallgrass":9,"stat.diveOneCm":16652}