{"stat.walkOneCm":917014,"stat.leaveGame":14,"stat.craftItem.minecraft.crafting_table":1,"achievement.completedex1":3,"stat.talkedToVillager":4,"stat.mineBlock.minecraft.sandstone":1,"stat.jump":1571,"stat.swimOneCm":16825,"stat.fallOneCm":26636,"stat.sprintOneCm":310459,"achievement.exploreAllBiomes":{"value":0,"progress":["ForestHills","Beach","Forest","River","Plains","Desert","Savanna"]},"stat.craftItem.minecraft.stick":4,"achievement.openInventory":17,"stat.craftItem.minecraft.planks":24,"stat.useItem.minecraft.egg":2,"stat.mineBlock.minecraft.fence":1,"stat.damageTaken":470,"stat.mineBlock.minecraft.crafting_table":2,"stat.craftItem.minecraft.stone_pickaxe":1,"stat.useItem.minecraft.wooden_pickaxe":10,"stat.mobKills":2,"stat.mineBlock.minecraft.log":6,"stat.flyOneCm":212478,"stat.deaths":1,"stat.drop":1,"stat.mineBlock.minecraft.leaves":2,"stat.playOneMinute":109877,"stat.useItem.minecraft.stone_pickaxe":26,"stat.useItem.minecraft.cooked_beef":16,"achievement.normalloot":1,"stat.killEntity.Villager":1,"stat.damageDealt":420,"stat.mineBlock.minecraft.iron_ore":16,"stat.timeSinceDeath":107376,"stat.useItem.minecraft.crafting_table":2,"stat.mineBlock.minecraft.dirt":4,"stat.craftItem.minecraft.wooden_pickaxe":1,"stat.killEntity.Pig":1,"stat.mineBlock.minecraft.stone":5,"stat.mineBlock.minecraft.tallgrass":7,"stat.diveOneCm":16652}