{"stat.walkOneCm":67862,"achievement.openInventory":2,"stat.craftItem.minecraft.planks":24,"stat.useItem.minecraft.egg":2,"stat.leaveGame":4,"stat.damageTaken":340,"stat.mineBlock.minecraft.crafting_table":1,"stat.craftItem.minecraft.crafting_table":1,"stat.useItem.minecraft.wooden_pickaxe":5,"stat.mobKills":1,"stat.mineBlock.minecraft.log":6,"stat.flyOneCm":3337,"stat.deaths":1,"stat.jump":176,"stat.swimOneCm":8462,"stat.mineBlock.minecraft.leaves":2,"stat.playOneMinute":14855,"stat.fallOneCm":4347,"stat.damageDealt":180,"stat.timeSinceDeath":12354,"stat.sprintOneCm":8070,"stat.useItem.minecraft.crafting_table":1,"stat.mineBlock.minecraft.dirt":1,"stat.craftItem.minecraft.wooden_pickaxe":1,"stat.killEntity.Pig":1,"achievement.exploreAllBiomes":{"value":0,"progress":["Forest","River","Plains"]},"stat.diveOneCm":12683,"stat.craftItem.minecraft.stick":4}