{"stat.leaveGame":3,"stat.mineBlock.minecraft.sandstone":1,"stat.jump":2929,"stat.swimOneCm":23017,"stat.fallOneCm":72727,"stat.climbOneCm":182,"achievement.buildWorkBench":1,"stat.useItem.minecraft.stone_axe":1,"stat.crouchOneCm":147,"stat.useItem.minecraft.dirt":1,"achievement.exploreAllBiomes":{"value":0,"progress":["Savanna Plateau","ForestHills","Beach","DesertHills","Desert M","Forest","River","Plains","Desert","Swampland","Savanna"]},"stat.useItem.minecraft.egg":8,"stat.craftItem.minecraft.stone_axe":1,"stat.damageTaken":650,"stat.craftItem.minecraft.stone_pickaxe":1,"stat.useItem.minecraft.wooden_pickaxe":14,"stat.flyOneCm":691292,"achievement.buildPickaxe":2,"stat.useItem.minecraft.stone_pickaxe":82,"stat.useItem.minecraft.cooked_beef":29,"stat.damageDealt":170,"achievement.buildBetterPickaxe":1,"stat.mineBlock.minecraft.iron_ore":6,"stat.timeSinceDeath":70728,"stat.mineBlock.minecraft.dirt":3,"stat.useItem.minecraft.crafting_table":3,"stat.craftItem.minecraft.wooden_pickaxe":2,"stat.killEntity.Pig":1,"stat.walkOneCm":584736,"stat.craftItem.minecraft.crafting_table":2,"stat.mineBlock.minecraft.coal_ore":35,"achievement.completedex1":1,"achievement.mineWood":14,"stat.sprintOneCm":296579,"stat.craftItem.minecraft.stick":16,"stat.craftItem.minecraft.wooden_axe":2,"achievement.openInventory":31,"stat.craftItem.minecraft.planks":72,"stat.mineBlock.minecraft.crafting_table":2,"stat.useItem.minecraft.carrot":5,"stat.mobKills":1,"stat.mineBlock.minecraft.log":24,"stat.deaths":1,"stat.drop":68,"stat.mineBlock.minecraft.leaves":25,"stat.playOneMinute":97986,"achievement.normalloot":2,"stat.useItem.minecraft.wooden_axe":20,"stat.mineBlock.minecraft.stone":54,"stat.mineBlock.minecraft.tallgrass":12,"stat.diveOneCm":46466}