{"stat.flyOneCm":7653,"stat.walkOneCm":35764,"stat.jump":111,"stat.mineBlock.minecraft.leaves":3,"stat.playOneMinute":9919,"achievement.openInventory":5,"stat.fallOneCm":5021,"stat.craftItem.minecraft.planks":44,"stat.damageTaken":30,"stat.damageDealt":20,"stat.craftItem.minecraft.crafting_table":1,"stat.timeSinceDeath":9919,"achievement.mineWood":1,"stat.useItem.minecraft.wooden_axe":1,"stat.mineBlock.minecraft.dirt":1,"stat.sprintOneCm":7414,"stat.useItem.minecraft.crafting_table":1,"stat.mineBlock.minecraft.log":12,"stat.craftItem.minecraft.wooden_pickaxe":1,"achievement.exploreAllBiomes":{"value":0,"progress":["Forest"]},"stat.craftItem.minecraft.stick":8,"stat.craftItem.minecraft.wooden_axe":1}