{"stat.walkOneCm":425927,"stat.leaveGame":2,"stat.craftItem.minecraft.crafting_table":2,"stat.mineBlock.minecraft.coal_ore":35,"stat.mineBlock.minecraft.sandstone":1,"stat.jump":2029,"stat.swimOneCm":19644,"stat.fallOneCm":51455,"stat.climbOneCm":182,"achievement.buildWorkBench":1,"stat.useItem.minecraft.stone_axe":1,"stat.crouchOneCm":147,"achievement.mineWood":14,"stat.useItem.minecraft.dirt":1,"stat.sprintOneCm":187135,"achievement.exploreAllBiomes":{"value":0,"progress":["Savanna Plateau","ForestHills","Beach","DesertHills","Forest","River","Plains","Desert","Swampland","Savanna"]},"stat.craftItem.minecraft.stick":16,"stat.craftItem.minecraft.wooden_axe":2,"achievement.openInventory":26,"stat.craftItem.minecraft.planks":72,"stat.useItem.minecraft.egg":8,"stat.craftItem.minecraft.stone_axe":1,"stat.damageTaken":600,"stat.mineBlock.minecraft.crafting_table":2,"stat.craftItem.minecraft.stone_pickaxe":1,"stat.useItem.minecraft.wooden_pickaxe":14,"stat.mobKills":1,"stat.mineBlock.minecraft.log":24,"stat.flyOneCm":412842,"stat.deaths":1,"stat.drop":64,"stat.mineBlock.minecraft.leaves":25,"achievement.buildPickaxe":2,"stat.playOneMinute":71774,"stat.useItem.minecraft.stone_pickaxe":82,"stat.useItem.minecraft.cooked_beef":19,"achievement.normalloot":2,"stat.damageDealt":170,"achievement.buildBetterPickaxe":1,"stat.mineBlock.minecraft.iron_ore":6,"stat.timeSinceDeath":44516,"stat.useItem.minecraft.wooden_axe":20,"stat.mineBlock.minecraft.dirt":3,"stat.useItem.minecraft.crafting_table":3,"stat.craftItem.minecraft.wooden_pickaxe":2,"stat.killEntity.Pig":1,"stat.mineBlock.minecraft.stone":54,"stat.mineBlock.minecraft.tallgrass":10,"stat.diveOneCm":45483}