{"stat.leaveGame":3,"stat.mineBlock.minecraft.sandstone":1,"stat.jump":2673,"stat.swimOneCm":22132,"stat.fallOneCm":66192,"stat.climbOneCm":182,"achievement.buildWorkBench":1,"stat.useItem.minecraft.stone_axe":1,"stat.crouchOneCm":147,"stat.useItem.minecraft.dirt":1,"achievement.exploreAllBiomes":{"value":0,"progress":["Savanna Plateau","ForestHills","Beach","DesertHills","Forest","River","Plains","Desert","Swampland","Savanna"]},"stat.useItem.minecraft.egg":8,"stat.craftItem.minecraft.stone_axe":1,"stat.damageTaken":620,"stat.craftItem.minecraft.stone_pickaxe":1,"stat.useItem.minecraft.wooden_pickaxe":14,"stat.flyOneCm":613676,"achievement.buildPickaxe":2,"stat.useItem.minecraft.stone_pickaxe":82,"stat.useItem.minecraft.cooked_beef":27,"stat.damageDealt":170,"achievement.buildBetterPickaxe":1,"stat.mineBlock.minecraft.iron_ore":6,"stat.timeSinceDeath":61271,"stat.mineBlock.minecraft.dirt":3,"stat.useItem.minecraft.crafting_table":3,"stat.craftItem.minecraft.wooden_pickaxe":2,"stat.killEntity.Pig":1,"stat.walkOneCm":543830,"stat.craftItem.minecraft.crafting_table":2,"stat.mineBlock.minecraft.coal_ore":35,"achievement.completedex1":1,"achievement.mineWood":14,"stat.sprintOneCm":269826,"stat.craftItem.minecraft.stick":16,"stat.craftItem.minecraft.wooden_axe":2,"achievement.openInventory":28,"stat.craftItem.minecraft.planks":72,"stat.mineBlock.minecraft.crafting_table":2,"stat.mobKills":1,"stat.mineBlock.minecraft.log":24,"stat.deaths":1,"stat.drop":68,"stat.mineBlock.minecraft.leaves":25,"stat.playOneMinute":88529,"achievement.normalloot":2,"stat.useItem.minecraft.wooden_axe":20,"stat.mineBlock.minecraft.stone":54,"stat.mineBlock.minecraft.tallgrass":11,"stat.diveOneCm":46466}