{"stat.leaveGame":3,"stat.mineBlock.minecraft.sandstone":13,"stat.jump":3772,"stat.swimOneCm":24358,"stat.useItem.minecraft.sand":2,"stat.fallOneCm":120153,"stat.climbOneCm":1390,"achievement.buildWorkBench":1,"stat.useItem.minecraft.stone_axe":8,"stat.crouchOneCm":147,"stat.useItem.minecraft.dirt":1,"achievement.exploreAllBiomes":{"value":0,"progress":["Savanna Plateau","Mesa Plateau F","ForestHills","Mesa","Desert M","Plains","Mesa Plateau M","Mesa Plateau F M","Beach","DesertHills","Mesa Plateau","Extreme Hills+","Jungle","Forest","River","Ocean","JungleEdge","JungleHills","Desert","Extreme Hills","Swampland","Mesa (Bryce)","Savanna"]},"stat.mineBlock.minecraft.hardened_clay":4,"stat.useItem.minecraft.egg":10,"stat.craftItem.minecraft.stone_axe":1,"stat.damageTaken":1490,"stat.craftItem.minecraft.stone_pickaxe":1,"stat.mineBlock.minecraft.melon_block":4,"stat.useItem.minecraft.wooden_pickaxe":14,"stat.flyOneCm":866561,"achievement.buildPickaxe":2,"stat.mineBlock.minecraft.sand":7,"stat.useItem.minecraft.stone_pickaxe":108,"stat.useItem.minecraft.cooked_beef":35,"stat.damageDealt":170,"achievement.buildBetterPickaxe":1,"stat.mineBlock.minecraft.iron_ore":13,"stat.timeSinceDeath":117666,"stat.mineBlock.minecraft.dirt":6,"stat.useItem.minecraft.crafting_table":3,"stat.craftItem.minecraft.wooden_pickaxe":2,"stat.killEntity.Pig":1,"stat.walkOneCm":741864,"stat.useItem.minecraft.cobblestone":31,"stat.craftItem.minecraft.crafting_table":2,"stat.mineBlock.minecraft.coal_ore":35,"achievement.completedex1":4,"stat.useItem.minecraft.melon":4,"achievement.mineWood":14,"stat.mineBlock.minecraft.stained_hardened_clay":2,"stat.sprintOneCm":374271,"stat.craftItem.minecraft.stick":16,"stat.craftItem.minecraft.wooden_axe":2,"achievement.openInventory":39,"stat.craftItem.minecraft.planks":72,"stat.mineBlock.minecraft.crafting_table":2,"stat.useItem.minecraft.carrot":18,"stat.mobKills":1,"stat.mineBlock.minecraft.log":24,"stat.deaths":1,"stat.drop":71,"stat.mineBlock.minecraft.leaves":25,"stat.playOneMinute":144924,"stat.mineBlock.minecraft.stone_pressure_plate":1,"achievement.normalloot":4,"stat.useItem.minecraft.wooden_axe":20,"stat.mineBlock.minecraft.stone":54,"stat.mineBlock.minecraft.tallgrass":15,"stat.diveOneCm":47806}