{"stat.leaveGame":4,"stat.mineBlock.minecraft.sandstone":22,"stat.jump":6425,"stat.swimOneCm":29818,"stat.useItem.minecraft.sand":8,"stat.fallOneCm":189010,"stat.climbOneCm":1390,"stat.useItem.minecraft.planks":45,"achievement.buildWorkBench":3,"stat.useItem.minecraft.stone_axe":12,"stat.crouchOneCm":1146,"stat.craftItem.minecraft.chest":2,"stat.craftItem.minecraft.iron_ingot":36,"stat.useItem.minecraft.dirt":114,"achievement.exploreAllBiomes":{"value":0,"progress":["Savanna Plateau","Mesa Plateau F","ForestHills","Mesa","Desert M","Plains","Mesa Plateau M","Mesa Plateau F M","Beach","DesertHills","Mesa Plateau","Extreme Hills+","Jungle","Forest","River","Ocean","JungleEdge","JungleHills","Desert","Extreme Hills","Swampland","Mesa (Bryce)","Savanna"]},"stat.mineBlock.minecraft.hardened_clay":4,"stat.craftItem.minecraft.furnace":4,"stat.useItem.minecraft.egg":12,"stat.craftItem.minecraft.stone_axe":1,"stat.damageTaken":1550,"stat.craftItem.minecraft.stone_pickaxe":1,"stat.mineBlock.minecraft.melon_block":4,"stat.useItem.minecraft.wooden_pickaxe":14,"stat.useItem.minecraft.furnace":4,"stat.useItem.minecraft.stone_shovel":67,"stat.flyOneCm":1565042,"achievement.buildPickaxe":3,"stat.mineBlock.minecraft.sand":22,"stat.useItem.minecraft.stone_pickaxe":117,"stat.useItem.minecraft.cooked_beef":62,"stat.damageDealt":180,"achievement.buildBetterPickaxe":2,"stat.mineBlock.minecraft.iron_ore":29,"stat.timeSinceDeath":245441,"stat.craftItem.minecraft.baked_potato":26,"stat.mineBlock.minecraft.dirt":117,"stat.useItem.minecraft.crafting_table":4,"stat.useItem.minecraft.iron_pickaxe":95,"stat.craftItem.minecraft.wooden_pickaxe":2,"stat.killEntity.Pig":1,"stat.craftItem.minecraft.stone_shovel":1,"stat.walkOneCm":1339923,"stat.useItem.minecraft.chest":2,"stat.useItem.minecraft.cobblestone":35,"stat.craftItem.minecraft.crafting_table":3,"stat.mineBlock.minecraft.coal_ore":75,"achievement.completedex1":4,"stat.useItem.minecraft.melon":17,"stat.craftItem.minecraft.stone_button":3,"achievement.mineWood":17,"achievement.apricorn":38,"stat.mineBlock.minecraft.stained_hardened_clay":2,"stat.sprintOneCm":683082,"stat.craftItem.minecraft.stick":20,"stat.craftItem.minecraft.wooden_axe":2,"stat.useItem.minecraft.netherrack":1,"achievement.openInventory":126,"stat.craftItem.minecraft.planks":108,"stat.craftItem.minecraft.stone":9,"stat.mineBlock.minecraft.crafting_table":2,"stat.useItem.minecraft.carrot":18,"stat.mobKills":1,"stat.mineBlock.minecraft.log":24,"achievement.buildFurnace":4,"stat.deaths":1,"stat.mineBlock.minecraft.planks":1,"achievement.acquireIron":14,"stat.drop":82,"stat.mineBlock.minecraft.leaves":25,"stat.playOneMinute":272699,"stat.mineBlock.minecraft.stone_pressure_plate":1,"stat.craftItem.minecraft.iron_pickaxe":1,"achievement.normalloot":4,"stat.useItem.minecraft.wooden_axe":20,"stat.mineBlock.minecraft.stone":82,"stat.mineBlock.minecraft.tallgrass":18,"stat.diveOneCm":51962,"stat.useItem.minecraft.sandstone":9}