{"stat.walkOneCm":156511,"stat.leaveGame":1,"stat.craftItem.minecraft.crafting_table":1,"stat.jump":649,"stat.fallOneCm":21774,"stat.crouchOneCm":5,"achievement.mineWood":1,"stat.sprintOneCm":41987,"achievement.exploreAllBiomes":{"value":0,"progress":["ForestHills","Forest","River"]},"stat.craftItem.minecraft.stick":8,"stat.craftItem.minecraft.wooden_axe":1,"achievement.openInventory":6,"stat.craftItem.minecraft.planks":44,"stat.useItem.minecraft.egg":8,"stat.damageTaken":425,"stat.mobKills":1,"stat.mineBlock.minecraft.log":12,"stat.flyOneCm":33503,"stat.deaths":1,"stat.mineBlock.minecraft.leaves":25,"stat.playOneMinute":28252,"stat.useItem.minecraft.cooked_beef":4,"stat.damageDealt":140,"stat.timeSinceDeath":994,"stat.useItem.minecraft.wooden_axe":3,"stat.mineBlock.minecraft.dirt":3,"stat.useItem.minecraft.crafting_table":1,"stat.craftItem.minecraft.wooden_pickaxe":1,"stat.killEntity.Pig":1,"stat.mineBlock.minecraft.tallgrass":1}