{"stat.leaveGame":4,"stat.mineBlock.minecraft.sandstone":22,"stat.jump":4719,"stat.swimOneCm":24515,"stat.useItem.minecraft.sand":2,"stat.fallOneCm":137553,"stat.climbOneCm":1390,"stat.useItem.minecraft.planks":45,"achievement.buildWorkBench":1,"stat.useItem.minecraft.stone_axe":11,"stat.crouchOneCm":147,"stat.useItem.minecraft.dirt":47,"achievement.exploreAllBiomes":{"value":0,"progress":["Savanna Plateau","Mesa Plateau F","ForestHills","Mesa","Desert M","Plains","Mesa Plateau M","Mesa Plateau F M","Beach","DesertHills","Mesa Plateau","Extreme Hills+","Jungle","Forest","River","Ocean","JungleEdge","JungleHills","Desert","Extreme Hills","Swampland","Mesa (Bryce)","Savanna"]},"stat.mineBlock.minecraft.hardened_clay":4,"stat.useItem.minecraft.egg":12,"stat.craftItem.minecraft.stone_axe":1,"stat.damageTaken":1520,"stat.craftItem.minecraft.stone_pickaxe":1,"stat.mineBlock.minecraft.melon_block":4,"stat.useItem.minecraft.wooden_pickaxe":14,"stat.flyOneCm":1125710,"achievement.buildPickaxe":2,"stat.mineBlock.minecraft.sand":16,"stat.useItem.minecraft.stone_pickaxe":117,"stat.useItem.minecraft.cooked_beef":44,"stat.damageDealt":180,"achievement.buildBetterPickaxe":1,"stat.mineBlock.minecraft.iron_ore":13,"stat.timeSinceDeath":166681,"stat.mineBlock.minecraft.dirt":50,"stat.useItem.minecraft.crafting_table":3,"stat.craftItem.minecraft.wooden_pickaxe":2,"stat.killEntity.Pig":1,"stat.walkOneCm":965537,"stat.useItem.minecraft.cobblestone":31,"stat.craftItem.minecraft.crafting_table":2,"stat.mineBlock.minecraft.coal_ore":35,"achievement.completedex1":4,"stat.useItem.minecraft.melon":11,"achievement.mineWood":16,"stat.mineBlock.minecraft.stained_hardened_clay":2,"stat.sprintOneCm":486506,"stat.craftItem.minecraft.stick":16,"stat.craftItem.minecraft.wooden_axe":2,"achievement.openInventory":79,"stat.craftItem.minecraft.planks":96,"stat.mineBlock.minecraft.crafting_table":2,"stat.useItem.minecraft.carrot":18,"stat.mobKills":1,"stat.mineBlock.minecraft.log":24,"stat.deaths":1,"stat.mineBlock.minecraft.planks":1,"stat.drop":82,"stat.mineBlock.minecraft.leaves":25,"stat.playOneMinute":193939,"stat.mineBlock.minecraft.stone_pressure_plate":1,"achievement.normalloot":4,"stat.useItem.minecraft.wooden_axe":20,"stat.mineBlock.minecraft.stone":54,"stat.mineBlock.minecraft.tallgrass":15,"stat.diveOneCm":47806,"stat.useItem.minecraft.sandstone":9}