{"stat.walkOneCm":204012,"stat.leaveGame":1,"stat.craftItem.minecraft.crafting_table":2,"stat.jump":763,"stat.swimOneCm":13190,"stat.fallOneCm":22676,"achievement.buildWorkBench":1,"stat.crouchOneCm":5,"achievement.mineWood":14,"stat.useItem.minecraft.dirt":1,"stat.sprintOneCm":51363,"achievement.exploreAllBiomes":{"value":0,"progress":["ForestHills","Forest","River","Plains"]},"stat.craftItem.minecraft.stick":8,"stat.craftItem.minecraft.wooden_axe":2,"achievement.openInventory":19,"stat.craftItem.minecraft.planks":72,"stat.useItem.minecraft.egg":8,"stat.damageTaken":470,"stat.mineBlock.minecraft.crafting_table":1,"stat.mobKills":1,"stat.mineBlock.minecraft.log":24,"stat.flyOneCm":42887,"stat.deaths":1,"stat.drop":64,"stat.mineBlock.minecraft.leaves":25,"achievement.buildPickaxe":1,"stat.playOneMinute":39359,"stat.useItem.minecraft.cooked_beef":5,"stat.damageDealt":170,"stat.timeSinceDeath":12101,"stat.useItem.minecraft.wooden_axe":16,"stat.mineBlock.minecraft.dirt":3,"stat.useItem.minecraft.crafting_table":2,"stat.craftItem.minecraft.wooden_pickaxe":2,"stat.killEntity.Pig":1,"stat.mineBlock.minecraft.tallgrass":1,"stat.diveOneCm":28708}