{"stat.walkOneCm":126318,"achievement.openInventory":6,"stat.craftItem.minecraft.planks":44,"stat.useItem.minecraft.egg":8,"stat.damageTaken":215,"stat.craftItem.minecraft.crafting_table":1,"stat.mobKills":1,"stat.mineBlock.minecraft.log":12,"stat.flyOneCm":30133,"stat.jump":540,"stat.mineBlock.minecraft.leaves":25,"stat.playOneMinute":22370,"stat.fallOneCm":20408,"stat.useItem.minecraft.cooked_beef":4,"stat.damageDealt":140,"stat.crouchOneCm":2,"stat.timeSinceDeath":22370,"achievement.mineWood":1,"stat.useItem.minecraft.wooden_axe":3,"stat.mineBlock.minecraft.dirt":3,"stat.sprintOneCm":38670,"stat.useItem.minecraft.crafting_table":1,"stat.craftItem.minecraft.wooden_pickaxe":1,"stat.killEntity.Pig":1,"achievement.exploreAllBiomes":{"value":0,"progress":["ForestHills","Forest","River"]},"stat.mineBlock.minecraft.tallgrass":1,"stat.craftItem.minecraft.stick":8,"stat.craftItem.minecraft.wooden_axe":1}