{"stat.walkOneCm":274816,"stat.leaveGame":1,"stat.craftItem.minecraft.crafting_table":2,"stat.mineBlock.minecraft.coal_ore":35,"stat.jump":1099,"stat.swimOneCm":15512,"stat.fallOneCm":29027,"stat.climbOneCm":182,"achievement.buildWorkBench":1,"stat.useItem.minecraft.stone_axe":1,"stat.crouchOneCm":147,"achievement.mineWood":14,"stat.useItem.minecraft.dirt":1,"stat.sprintOneCm":86778,"achievement.exploreAllBiomes":{"value":0,"progress":["ForestHills","Beach","Forest","River","Plains","Desert","Swampland","Savanna"]},"stat.craftItem.minecraft.stick":16,"stat.craftItem.minecraft.wooden_axe":2,"achievement.openInventory":24,"stat.craftItem.minecraft.planks":72,"stat.useItem.minecraft.egg":8,"stat.craftItem.minecraft.stone_axe":1,"stat.damageTaken":470,"stat.mineBlock.minecraft.crafting_table":2,"stat.craftItem.minecraft.stone_pickaxe":1,"stat.useItem.minecraft.wooden_pickaxe":14,"stat.mobKills":1,"stat.mineBlock.minecraft.log":24,"stat.flyOneCm":129379,"stat.deaths":1,"stat.drop":64,"stat.mineBlock.minecraft.leaves":25,"achievement.buildPickaxe":2,"stat.playOneMinute":50096,"stat.useItem.minecraft.stone_pickaxe":81,"stat.useItem.minecraft.cooked_beef":9,"achievement.normalloot":1,"stat.damageDealt":170,"achievement.buildBetterPickaxe":1,"stat.mineBlock.minecraft.iron_ore":6,"stat.timeSinceDeath":22838,"stat.useItem.minecraft.wooden_axe":20,"stat.mineBlock.minecraft.dirt":3,"stat.useItem.minecraft.crafting_table":3,"stat.craftItem.minecraft.wooden_pickaxe":2,"stat.killEntity.Pig":1,"stat.mineBlock.minecraft.stone":54,"stat.mineBlock.minecraft.tallgrass":5,"stat.diveOneCm":28977}