{"stat.walkOneCm":258300,"stat.mineBlock.minecraft.tnt":9,"stat.useItem.minecraft.sapling":1,"achievement.openInventory":23,"stat.craftItem.minecraft.planks":24,"stat.killEntity.Chicken":1,"stat.leaveGame":1,"stat.damageTaken":330,"stat.mineBlock.minecraft.crafting_table":3,"stat.useItem.minecraft.chicken":1,"stat.craftItem.minecraft.crafting_table":1,"stat.useItem.minecraft.wooden_pickaxe":28,"stat.mobKills":1,"stat.craftItem.minecraft.wooden_sword":1,"stat.mineBlock.minecraft.log":6,"stat.mineBlock.minecraft.sandstone":14,"stat.flyOneCm":468219,"stat.drop":15,"stat.jump":1226,"stat.mineBlock.minecraft.leaves":2,"stat.swimOneCm":12060,"stat.mineBlock.minecraft.sand":5,"stat.playOneMinute":62524,"stat.fallOneCm":31710,"stat.useItem.minecraft.planks":8,"stat.mineBlock.minecraft.stone_pressure_plate":1,"stat.useItem.minecraft.cooked_beef":11,"achievement.buildWorkBench":2,"stat.damageDealt":115,"stat.crouchOneCm":3742,"achievement.buildSword":2,"stat.timeSinceDeath":62524,"achievement.mineWood":7,"stat.useItem.minecraft.stained_hardened_clay":1,"stat.useItem.minecraft.wooden_axe":2,"stat.useItem.minecraft.leaves":27,"stat.mineBlock.minecraft.stained_hardened_clay":1,"stat.sprintOneCm":124151,"stat.useItem.minecraft.crafting_table":3,"stat.mineBlock.minecraft.stone":1,"achievement.exploreAllBiomes":{"value":0,"progress":["ForestHills","DesertHills","Forest","River","Plains","Desert","Savanna"]},"stat.mineBlock.minecraft.tallgrass":22,"stat.diveOneCm":18909,"stat.craftItem.minecraft.stick":4,"stat.craftItem.minecraft.wooden_axe":1,"stat.useItem.minecraft.sandstone":4}