{"stat.leaveGame":5,"stat.useItem.minecraft.chicken":1,"stat.mineBlock.minecraft.sandstone":14,"stat.jump":2046,"stat.swimOneCm":17843,"stat.useItem.minecraft.sand":9,"stat.fallOneCm":48938,"stat.useItem.minecraft.planks":13,"achievement.buildWorkBench":2,"stat.crouchOneCm":4464,"achievement.exploreAllBiomes":{"value":0,"progress":["ForestHills","Beach","DesertHills","Forest","River","Plains","Desert","Savanna"]},"stat.useItem.minecraft.sapling":1,"stat.damageTaken":330,"stat.useItem.minecraft.wooden_pickaxe":28,"stat.craftItem.minecraft.wooden_sword":1,"stat.flyOneCm":754479,"stat.mineBlock.minecraft.sand":5,"stat.useItem.minecraft.cooked_beef":20,"stat.damageDealt":145,"stat.timeSinceDeath":106658,"stat.useItem.minecraft.crafting_table":3,"stat.walkOneCm":415838,"stat.craftItem.minecraft.crafting_table":1,"achievement.completedex1":1,"achievement.buildSword":2,"achievement.mineWood":7,"stat.useItem.minecraft.stained_hardened_clay":1,"stat.useItem.minecraft.leaves":27,"stat.mineBlock.minecraft.stained_hardened_clay":1,"stat.sprintOneCm":210451,"stat.craftItem.minecraft.stick":4,"stat.craftItem.minecraft.wooden_axe":1,"stat.mineBlock.minecraft.tnt":9,"achievement.openInventory":43,"stat.craftItem.minecraft.planks":24,"stat.killEntity.Chicken":1,"stat.mineBlock.minecraft.crafting_table":3,"stat.mobKills":1,"stat.mineBlock.minecraft.log":6,"stat.useItem.minecraft.wooden_door":3,"stat.drop":19,"stat.mineBlock.minecraft.leaves":2,"stat.playOneMinute":106658,"stat.mineBlock.minecraft.stone_pressure_plate":1,"stat.useItem.minecraft.wooden_axe":2,"stat.mineBlock.minecraft.stone":1,"stat.mineBlock.minecraft.tallgrass":24,"stat.diveOneCm":20530,"stat.useItem.minecraft.sandstone":14}