{"stat.walkOneCm":122531,"stat.useItem.minecraft.sapling":1,"achievement.openInventory":16,"stat.craftItem.minecraft.planks":24,"stat.killEntity.Chicken":1,"stat.leaveGame":1,"stat.damageTaken":90,"stat.mineBlock.minecraft.crafting_table":2,"stat.useItem.minecraft.chicken":1,"stat.craftItem.minecraft.crafting_table":1,"stat.useItem.minecraft.wooden_pickaxe":1,"stat.mobKills":1,"stat.craftItem.minecraft.wooden_sword":1,"stat.mineBlock.minecraft.log":6,"stat.flyOneCm":226261,"stat.drop":14,"stat.jump":518,"stat.mineBlock.minecraft.leaves":2,"stat.swimOneCm":7903,"stat.playOneMinute":41445,"stat.fallOneCm":8429,"stat.useItem.minecraft.cooked_beef":3,"achievement.buildWorkBench":2,"stat.damageDealt":115,"stat.crouchOneCm":3071,"achievement.buildSword":2,"stat.timeSinceDeath":41445,"achievement.mineWood":7,"stat.useItem.minecraft.wooden_axe":2,"stat.useItem.minecraft.leaves":27,"stat.sprintOneCm":44137,"stat.useItem.minecraft.crafting_table":2,"achievement.exploreAllBiomes":{"value":0,"progress":["ForestHills","Forest","River","Plains"]},"stat.diveOneCm":14553,"stat.craftItem.minecraft.stick":4,"stat.craftItem.minecraft.wooden_axe":1}