{"stat.walkOneCm":73477,"achievement.openInventory":7,"stat.killEntity.Chicken":1,"stat.leaveGame":1,"stat.damageTaken":60,"stat.useItem.minecraft.chicken":1,"stat.mobKills":1,"stat.flyOneCm":214521,"stat.drop":1,"stat.jump":388,"stat.mineBlock.minecraft.leaves":1,"stat.playOneMinute":30319,"stat.fallOneCm":6894,"stat.damageDealt":105,"stat.crouchOneCm":2270,"stat.timeSinceDeath":30319,"stat.useItem.minecraft.leaves":27,"stat.sprintOneCm":31043,"achievement.exploreAllBiomes":{"value":0,"progress":["ForestHills","Forest","River","Plains"]}}