{"stat.walkOneCm":190384,"stat.mineBlock.minecraft.tnt":9,"stat.useItem.minecraft.sapling":1,"achievement.openInventory":22,"stat.craftItem.minecraft.planks":24,"stat.killEntity.Chicken":1,"stat.leaveGame":1,"stat.damageTaken":310,"stat.mineBlock.minecraft.crafting_table":3,"stat.useItem.minecraft.chicken":1,"stat.craftItem.minecraft.crafting_table":1,"stat.useItem.minecraft.wooden_pickaxe":28,"stat.mobKills":1,"stat.craftItem.minecraft.wooden_sword":1,"stat.mineBlock.minecraft.log":6,"stat.mineBlock.minecraft.sandstone":14,"stat.flyOneCm":380066,"stat.drop":15,"stat.jump":874,"stat.mineBlock.minecraft.leaves":2,"stat.swimOneCm":10640,"stat.mineBlock.minecraft.sand":5,"stat.playOneMinute":51565,"stat.fallOneCm":21784,"stat.useItem.minecraft.planks":8,"stat.mineBlock.minecraft.stone_pressure_plate":1,"stat.useItem.minecraft.cooked_beef":7,"achievement.buildWorkBench":2,"stat.damageDealt":115,"stat.crouchOneCm":3610,"achievement.buildSword":2,"stat.timeSinceDeath":51565,"achievement.mineWood":7,"stat.useItem.minecraft.stained_hardened_clay":1,"stat.useItem.minecraft.wooden_axe":2,"stat.useItem.minecraft.leaves":27,"stat.mineBlock.minecraft.stained_hardened_clay":1,"stat.sprintOneCm":89006,"stat.useItem.minecraft.crafting_table":3,"stat.mineBlock.minecraft.stone":1,"achievement.exploreAllBiomes":{"value":0,"progress":["ForestHills","DesertHills","Forest","River","Plains","Desert","Savanna"]},"stat.mineBlock.minecraft.tallgrass":22,"stat.diveOneCm":16461,"stat.craftItem.minecraft.stick":4,"stat.craftItem.minecraft.wooden_axe":1,"stat.useItem.minecraft.sandstone":4}