{"stat.leaveGame":5,"stat.useItem.minecraft.chicken":1,"stat.mineBlock.minecraft.sandstone":14,"stat.jump":2765,"stat.swimOneCm":22400,"stat.useItem.minecraft.sand":9,"stat.fallOneCm":71612,"stat.useItem.minecraft.planks":13,"achievement.buildWorkBench":2,"stat.crouchOneCm":12870,"stat.useItem.minecraft.dirt":1,"achievement.exploreAllBiomes":{"value":0,"progress":["Mesa Plateau F M","ForestHills","Beach","DesertHills","Desert M","Forest","River","Plains","Desert","Mesa (Bryce)","Savanna"]},"stat.mineBlock.minecraft.red_mushroom":1,"stat.useItem.minecraft.sapling":1,"stat.damageTaken":510,"stat.useItem.minecraft.wooden_pickaxe":33,"stat.craftItem.minecraft.wooden_sword":1,"stat.flyOneCm":915577,"stat.mineBlock.minecraft.sand":5,"achievement.buildPickaxe":2,"stat.useItem.minecraft.cooked_beef":26,"stat.damageDealt":145,"achievement.buildBetterPickaxe":2,"stat.mineBlock.minecraft.iron_ore":33,"stat.timeSinceDeath":128030,"stat.useItem.minecraft.crafting_table":4,"stat.useItem.minecraft.iron_pickaxe":108,"stat.mineBlock.minecraft.dirt":1,"stat.walkOneCm":544126,"stat.useItem.minecraft.cobblestone":43,"stat.craftItem.minecraft.crafting_table":1,"stat.useItem.minecraft.cooked_porkchop":1,"stat.mineBlock.minecraft.coal_ore":17,"achievement.completedex1":1,"achievement.buildSword":2,"achievement.mineWood":7,"stat.useItem.minecraft.stained_hardened_clay":1,"stat.useItem.minecraft.leaves":27,"stat.mineBlock.minecraft.stained_hardened_clay":1,"stat.sprintOneCm":274171,"stat.craftItem.minecraft.stick":8,"stat.craftItem.minecraft.wooden_axe":1,"stat.mineBlock.minecraft.tnt":9,"achievement.openInventory":66,"stat.craftItem.minecraft.planks":24,"stat.killEntity.Chicken":1,"stat.mineBlock.minecraft.diamond_ore":4,"stat.mineBlock.minecraft.crafting_table":4,"stat.useItem.minecraft.carrot":2,"stat.mobKills":1,"stat.mineBlock.minecraft.log":6,"stat.useItem.minecraft.wooden_door":4,"stat.drop":25,"stat.mineBlock.minecraft.leaves":2,"stat.playOneMinute":128030,"stat.mineBlock.minecraft.stone_pressure_plate":1,"stat.craftItem.minecraft.iron_pickaxe":1,"stat.useItem.minecraft.wooden_axe":2,"stat.mineBlock.minecraft.stone":49,"stat.mineBlock.minecraft.tallgrass":25,"stat.diveOneCm":22990,"stat.useItem.minecraft.sandstone":14}